{"Labels": {"_type": "images/separated", "width": 2000, "height": 2000, "format": "jpg", "count": 2, "captions": ["labels_correlogram.jpg", "labels.jpg"]}, "Mosaics": {"_type": "images/separated", "width": 1920, "height": 1920, "format": "jpg", "count": 3, "captions": ["train_batch0.jpg", "train_batch1.jpg", "train_batch2.jpg"]}, "train/box_loss": 0.17198295891284943, "train/obj_loss": 0.013476211577653885, "train/cls_loss": 0.015545505098998547, "metrics/precision": 0.0003575578796817735, "metrics/recall": 0.001422070534698521, "metrics/mAP_0.5": 0.00018132532989589974, "metrics/mAP_0.5:0.95": 4.078459533834899e-05, "val/box_loss": 0.178180992603302, "val/obj_loss": 415985568.0, "val/cls_loss": 140064656.0, "x/lr0": 0.00029993736448085984, "x/lr1": 0.00029993736448085984, "x/lr2": 0.00030766295162548696, "_runtime": 6273, "_timestamp": 1646893623, "_step": 1}